{"theta0": 8490.273872803686, "theta1": -0.021360285740446967}